Title,Date
"Schitt's Creek: Season 2: The Motel Guest","10/01/21"
"Schitt's Creek: Season 2: Ronnie's Party","10/01/21"
"Schitt's Creek: Season 1: Town for Sale","10/01/21"
"Surviving Death: Season 1: Near-Death Experiences","10/01/21"
"Tiny Pretty Things: Season 1: Catch & Release","10/01/21"
"Schitt's Creek: Season 2: Moira's Nudes","09/01/21"
"Schitt's Creek: Season 2: Milk Money","09/01/21"
"Schitt's Creek: Season 2: The Candidate","09/01/21"
"Schitt's Creek: Season 2: Moira vs. Town Council","09/01/21"
"Schitt's Creek: Season 2: Bob's Bagels","09/01/21"
"Schitt's Creek: Season 2: Estate Sale","09/01/21"
"Schitt's Creek: Season 2: Jazzagals","09/01/21"
"Schitt's Creek: Season 2: Family Dinner","09/01/21"
"Schitt's Creek: Season 1: Surprise Party","09/01/21"
"Schitt's Creek: Season 1: Little Sister","09/01/21"
"Schitt's Creek: Season 1: Honeymoon","09/01/21"
"Schitt's Creek: Season 2: Finding David","09/01/21"
"Best Wishes, Warmest Regards: A Schitt's Creek Farewell","08/01/21"
"Schitt's Creek: Season 1: Carl's Funeral","08/01/21"
"Schitt's Creek: Season 1: Allez-Vous","08/01/21"
"Schitt's Creek: Season 1: Turkey Shoot","08/01/21"
"The Holiday","07/01/21"
"Schitt's Creek: Season 1: Wine and Roses","07/01/21"
"Workin' Moms: Season 4: Bad Reputation","07/01/21"
"Schitt's Creek: Season 1: The Cabin","06/01/21"
"Headspace Guide to Meditation: Season 1: How to Get Started","06/01/21"
"Best Leftovers Ever!: Season 1: Game Day Gourmet","06/01/21"
"Schitt's Creek: Season 1: Bad Parents","06/01/21"
"Chilling Adventures of Sabrina: Part 4: Chapter Thirty-Six: At the Mountains of Madness","06/01/21"
"Schitt's Creek: Season 1: Don't Worry, It's His Sister","05/01/21"
"Chilling Adventures of Sabrina: Part 4: Chapter Thirty-Five: The Endless","05/01/21"
"Chilling Adventures of Sabrina: Part 4: Chapter Thirty-Four: The Returned","05/01/21"
"Emily in Paris: Season 1: Cancel Couture","04/01/21"
"Chilling Adventures of Sabrina: Part 4: Chapter Thirty-Three: Deus Ex Machina","04/01/21"
"Chilling Adventures of Sabrina: Part 4: Chapter Thirty-Two: The Imp of the Perverse","04/01/21"
"Emily in Paris: Season 1: An American Auction in Paris","03/01/21"
"Emily in Paris: Season 1: Family Affair","03/01/21"
"Chilling Adventures of Sabrina: Part 4: Chapter Thirty-One: The Weird","03/01/21"
"Chilling Adventures of Sabrina: Part 4: Chapter Thirty: The Uninvited","03/01/21"
"Chilling Adventures of Sabrina: Part 4: Chapter Twenty-Nine: The Eldritch Dark","03/01/21"
"Best Leftovers Ever!: Season 1: Fast Food to Fancy","01/01/21"
"Sugar Rush Christmas: Season 2: Songs of the Season","01/01/21"
"Emily in Paris: Season 1: French Ending","01/01/21"
"Emily in Paris: Season 1: Ringarde","01/01/21"
"Chilling Adventures of Sabrina: Part 1: Chapter One: October Country","31/12/20"
"Ocean's 8","30/12/20"
"Wake Up Sid","30/12/20"
"Gunjan Saxena: The Kargil Girl","30/12/20"
"Emily in Paris: Season 1: Faux Amis","30/12/20"
"Emily in Paris: Season 1: A Kiss Is Just A Kiss","30/12/20"
"Emily in Paris: Season 1: Sexy or Sexist","30/12/20"
"Emily in Paris: Season 1: Masculin Féminin","30/12/20"
"Sugar Rush Christmas: Season 2: North Pole","30/12/20"
"Emily in Paris: Season 1: Emily in Paris","30/12/20"
"Workin' Moms: Season 4: Lice","29/12/20"
"Workin' Moms: Season 4: To Lure a Squirrel","29/12/20"
"Friends: Season 2: The One with Five Steaks and an Eggplant","28/12/20"
"Friends: Season 2: The One with Phoebe's Husband","28/12/20"
"Friends: Season 2: The One Where Heckles Dies","28/12/20"
"Friends: Season 2: The One with the Breast Milk","28/12/20"
"Sugar Rush Christmas: Season 2: Gift Exchange","28/12/20"
"A Wish for Christmas","28/12/20"
"Schitt's Creek: Season 6: Happy Ending","28/12/20"
"Schitt's Creek: Season 6: Start Spreading the News","27/12/20"
"Schitt's Creek: Season 6: The Pitch","27/12/20"
"Schitt's Creek: Season 6: The Bachelor Party","27/12/20"
"Friends: Season 2: The One with Ross's New Girlfriend","27/12/20"
"Friends: Season 1: The One Where Rachel Finds Out","27/12/20"
"Friends: Season 1: The One with the Birth","27/12/20"
"Friends: Season 1: The One with the Ick Factor","27/12/20"
"Friends: Season 1: The One with the Fake Monica","27/12/20"
"Friends: Season 1: The One with the Evil Orthodontist","27/12/20"
"Friends: Season 1: The One Where the Monkey Gets Away","27/12/20"
"Friends: Season 1: The One with All the Poker","27/12/20"
"Schitt's Creek: Season 6: Sunrise, Sunset","27/12/20"
"Schitt's Creek: Season 6: Rebound","27/12/20"
"Schitt's Creek: Season 6: The Presidential Suite","27/12/20"
"Schitt's Creek: Season 6: Moira Rose","27/12/20"
"Schitt's Creek: Season 6: The Wingman","26/12/20"
"Schitt's Creek: Season 6: The Premiere","26/12/20"
"Schitt's Creek: Season 6: Maid of Honour","26/12/20"
"Schitt's Creek: Season 6: The Job Interview","26/12/20"
"Schitt's Creek: Season 6: The Incident","26/12/20"
"Schitt's Creek: Season 6: Smoke Signals","26/12/20"
"Schitt's Creek: Season 5: The Hospies","26/12/20"
"Schitt's Creek: Season 5: Life Is a Cabaret","26/12/20"
"Schitt's Creek: Season 5: The M.V.P","26/12/20"
"Workin' Moms: Season 4: No One's Coming","26/12/20"
"Schitt's Creek: Season 5: The Hike","26/12/20"
"Workin' Moms: Season 4: The Man in the Mexican Mask","26/12/20"
"Schitt's Creek: Season 5: The Roast","26/12/20"
"Schitt's Creek: Season 5: Meet the Parents","26/12/20"
"Schitt's Creek: Season 5: Roadkill","26/12/20"
"Workin' Moms: Season 4: Black Sheep","26/12/20"
"Biohackers: Season 1: Certainty","26/12/20"
"Schitt's Creek: Season 5: A Whisper of Desire","25/12/20"
"Schitt's Creek: Season 5: Rock On!","25/12/20"
"Ava","25/12/20"
"Schitt's Creek: Season 5: Housewarming","25/12/20"
"Schitt's Creek: Season 5: The Dress","25/12/20"
"Schitt's Creek: Season 5: The Plant","25/12/20"
"Schitt's Creek: Season 5: Love Letters","25/12/20"
"Friends with Benefits","24/12/20"
"Schitt's Creek: Season 5: The Crowening","24/12/20"
"Schitt's Creek: Season 4: Merry Christmas, Johnny Rose","24/12/20"
"Schitt's Creek: Season 4: Singles Week","24/12/20"
"Schitt's Creek: Season 4: The Rollout","24/12/20"
"Schitt's Creek: Season 4: Baby Sprinkle","24/12/20"
"Schitt's Creek: Season 4: The Olive Branch","24/12/20"
"Sugar Rush Christmas: Season 2: Christmas Countdown","24/12/20"
"Schitt's Creek: Season 4: The Jazzaguy","24/12/20"
"Schitt's Creek: Season 4: The Barbecue","24/12/20"
"Schitt's Creek: Season 4: Open Mic","24/12/20"
"Schitt's Creek: Season 4: RIP Moira Rose","24/12/20"
"Schitt's Creek: Season 4: Girls’ Night","24/12/20"
"Schitt's Creek: Season 4: Asbestos Fest","23/12/20"
"Schitt's Creek: Season 4: Pregnancy Test","23/12/20"
"Schitt's Creek: Season 4: Dead Guy in Room 4","23/12/20"
"Schitt's Creek: Season 3: Grad Night","23/12/20"
"Schitt's Creek: Season 3: Friends & Family","23/12/20"
"Schitt's Creek: Season 3: Stop Saying Lice!","23/12/20"
"Schitt's Creek: Season 3: Sebastien Raine","23/12/20"
"Schitt's Creek: Season 3: The Affair","23/12/20"
"Schitt's Creek: Season 3: Motel Review","23/12/20"
"Schitt's Creek: Season 3: General Store","23/12/20"
"Schitt's Creek: Season 3: Murder Mystery","23/12/20"
"Schitt's Creek: Season 3: Rooms by the Hour","22/12/20"
"Schitt's Creek: Season 3: Driving Test","22/12/20"
"Schitt's Creek: Season 3: New Car","22/12/20"
"Schitt's Creek: Season 3: The Throuple","22/12/20"
"Schitt's Creek: Season 3: Opening Night","21/12/20"
"Schitt's Creek: Season 2: Happy Anniversary","21/12/20"
"Schitt's Creek: Season 2: Lawn Signs","21/12/20"
"Schitt's Creek: Season 1: The Drip","20/12/20"
"Tiny Pretty Things: Season 1: Push Comes to Shove","19/12/20"
"Tiny Pretty Things: Season 1: It's Not the Waking, It's the Rising","19/12/20"
"Tiny Pretty Things: Season 1: Relevé","19/12/20"
"A California Christmas","18/12/20"
"Tiny Pretty Things: Season 1: Joie de Vivre","18/12/20"
"Tiny Pretty Things: Season 1: Split Sole","18/12/20"
"Tiny Pretty Things: Season 1: Dance Dance Revolution","18/12/20"
"Tiny Pretty Things: Season 1: Class Act","18/12/20"
"Tiny Pretty Things: Season 1: Range of Motion","17/12/20"
"Tiny Pretty Things: Season 1: Corps","17/12/20"
"Selena: The Series: Part 1: Qué Creías","16/12/20"
"Selena: The Series: Part 1: Gold Rush","16/12/20"
"Ashley Garcia: Genius in Love: Christmas: The True Meaning of Christmas Togetherness Funtime","16/12/20"
"Selena: The Series: Part 1: Fideo","16/12/20"
"Selena: The Series: Part 1: My Love","16/12/20"
"Selena: The Series: Part 1: Dulce Amor","15/12/20"
"Selena: The Series: Part 1: Opening Act","14/12/20"
"Selena: The Series: Part 1: And the Winner is...","14/12/20"
"Selena: The Series: Part 1: Dame Un Beso","13/12/20"
"Selena: The Series: Part 1: Daydream","13/12/20"
"The Prom","13/12/20"
"Biohackers: Season 1: Suspicion","13/12/20"
"Stranger Things: Stranger Things 3: Chapter Eight: The Battle of Starcourt","13/12/20"
"Stranger Things: Stranger Things 3: Chapter Seven: The Bite","13/12/20"
"Stranger Things: Stranger Things 3: Chapter Six: E Pluribus Unum","13/12/20"
"Stranger Things: Stranger Things 3: Chapter Five: The Flayed","13/12/20"
"Stranger Things: Stranger Things 3: Chapter Four: The Sauna Test","12/12/20"
"Stranger Things: Stranger Things 3: Chapter Three: The Case of the Missing Lifeguard","12/12/20"
"Stranger Things: Stranger Things 3: Chapter Two: The Mall Rats","12/12/20"
"DASH & LILY: Season 1: New Year's Eve","11/12/20"
"DASH & LILY: Season 1: Christmas","11/12/20"
"DASH & LILY: Season 1: Christmas Eve","11/12/20"
"Stranger Things: Stranger Things 3: Chapter One: Suzie, Do You Copy?","11/12/20"
"DASH & LILY: Season 1: Sofia & Edgar","10/12/20"
"DASH & LILY: Season 1: Cinderella","10/12/20"
"Biohackers: Season 1: Secrets","10/12/20"
"DASH & LILY: Season 1: Hanukkah","10/12/20"
"DASH & LILY: Season 1: Lily","10/12/20"
"Biohackers: Season 1: Arrival","09/12/20"
"DASH & LILY: Season 1: Dash","09/12/20"
"Stranger Things: Stranger Things 2: Chapter Nine: The Gate","08/12/20"
"Stranger Things: Stranger Things 2: Chapter Eight: The Mind Flayer","08/12/20"
"Stranger Things: Stranger Things 2: Chapter Seven: The Lost Sister","08/12/20"
"Stranger Things: Stranger Things 2: Chapter Six: The Spy","08/12/20"
"Stranger Things: Stranger Things 2: Chapter Five: Dig Dug","08/12/20"
"Stranger Things: Stranger Things 2: Chapter Four: Will the Wise","08/12/20"
"Stranger Things: Stranger Things 2: Chapter Three: The Pollywog","08/12/20"
"Stranger Things: Stranger Things 2: Chapter Two: Trick or Treat, Freak","08/12/20"
"Stranger Things: Stranger Things 2: Chapter One: MADMAX","08/12/20"
"Kartini: Princess of Java","07/12/20"
"After We Collided","07/12/20"
"Friends: Season 1: The One with the Two Parts: Part 2","07/12/20"
"Friends: Season 1: The One with the Two Parts: Part 1","07/12/20"
"Friends: Season 1: The One with the Stoned Guy","06/12/20"
"Stranger Things: Chapter Eight: The Upside Down","06/12/20"
"Stranger Things: Chapter Seven: The Bathtub","06/12/20"
"Stranger Things: Chapter Six: The Monster","06/12/20"
"Stranger Things: Chapter Five: The Flea and the Acrobat","06/12/20"
"Stranger Things: Chapter Four: The Body","06/12/20"
"Stranger Things: Chapter Three: Holly, Jolly","06/12/20"
"Stranger Things: Chapter Two: The Weirdo on Maple Street","06/12/20"
"Stranger Things: Chapter One: The Vanishing Of Will Byers","06/12/20"
"Sugar Rush Christmas: Season 2: A Sugar Rush Christmas","06/12/20"
"Mismatched: Season 1: Games We Play","05/12/20"
"Mismatched: Season 1: It's Not a Date","05/12/20"
"Mismatched: Season 1: Making Moves","05/12/20"
"Mismatched: Season 1: Message Deleted","05/12/20"
"Mismatched: Season 1: Hot Summer, Cold Vibes","04/12/20"
"Mismatched: Season 1: When Dimple Met Rishi","04/12/20"
"Christmas Inheritance","03/12/20"
"Sex and the City 2","02/12/20"
"The Knight Before Christmas","01/12/20"
"Schitt's Creek: Season 1: Our Cup Runneth Over","01/12/20"
"Dance Dreams: Hot Chocolate Nutcracker","01/12/20"
"Fabulous Lives of Bollywood Wives: Season 1: The Shah Rukh-Gauri Big Bash!","30/11/20"
"Fabulous Lives of Bollywood Wives: Season 1: There's Something About Neelam","30/11/20"
"Fabulous Lives of Bollywood Wives: Season 1: “Aap Qatar mein hain…”","30/11/20"
"Holiday in the Wild","29/11/20"
"Fabulous Lives of Bollywood Wives: Season 1: Fasten Your Seat Belts","29/11/20"
"The Ugly Truth","28/11/20"
"Fabulous Lives of Bollywood Wives: Season 1: Feelings and Fillers","28/11/20"
"Fabulous Lives of Bollywood Wives: Season 1: Crabs, Claws and a Catfight","28/11/20"
"Fabulous Lives of Bollywood Wives: Season 1: Werk it!","28/11/20"
"Fabulous Lives of Bollywood Wives: Season 1: Of Waltzes and Water Bras","28/11/20"
"Instant Family","27/11/20"
"Friends: Season 1: The One with the Candy Hearts","23/11/20"
"Friends: Season 1: The One with the Boobies","23/11/20"
"Friends: Season 1: The One with the Dozen Lasagnas","23/11/20"
"Just Go With It","22/11/20"
"Holidate","21/11/20"
"Playing It Cool","20/11/20"
"Gilmore Girls: Season 1: Pilot","19/11/20"
"The Break-Up","19/11/20"
"How Do You Know","19/11/20"
"Morning Glory","18/11/20"
"Sleepless in Seattle","18/11/20"
"How to Lose a Guy in 10 Days","18/11/20"
"Game Night","18/11/20"
"Never Back Down","17/11/20"
"Friends: Season 1: The One with Mrs. Bing","16/11/20"
"Friends: Season 1: The One with the Monkey","14/11/20"
"Friends: Season 1: The One Where Underdog Gets Away","13/11/20"
"Friends: Season 1: The One Where Nana Dies Twice","13/11/20"
"Friends: Season 1: The One with the Blackout","13/11/20"
"The Haunting of Bly Manor: The Great Good Place","12/11/20"
"Baby: Season 1: Superpowers","12/11/20"
"Expedition Happiness","11/11/20"
"Unsolved Mysteries: Volume 2: Washington Insider Murder","11/11/20"
"Christmas Wonderland","11/11/20"
"La La Land","11/11/20"
"Ms. Matched","10/11/20"
"Bridget Jones: The Edge of Reason","10/11/20"
"Christmas Made To Order","10/11/20"
"Friends: Season 1: The One with the Butt","10/11/20"
"Jane The Virgin: Season 2: Chapter Forty-Four","09/11/20"
"Jane The Virgin: Season 2: Chapter Forty-Three","09/11/20"
"Jane The Virgin: Season 2: Chapter Forty-Two","09/11/20"
"Jane The Virgin: Season 2: Chapter Forty-One","09/11/20"
"Friends: Season 1: The One with the East German Laundry Detergent","09/11/20"
"The Queen's Gambit: Limited Series: End Game","09/11/20"
"The Queen's Gambit: Limited Series: Adjournment","09/11/20"
"Jane The Virgin: Season 2: Chapter Forty","09/11/20"
"The Queen's Gambit: Limited Series: Fork","08/11/20"
"Made of Honour","08/11/20"
"Friends: Season 1: The One with George Stephanopoulos","08/11/20"
"Sugar Rush: Season 2: Light My Fire","08/11/20"
"The Queen's Gambit: Limited Series: Middle Game","08/11/20"
"The Queen's Gambit: Limited Series: Doubled Pawns","08/11/20"
"The Queen's Gambit: Limited Series: Exchanges","07/11/20"
"Home Again","07/11/20"
"The Queen's Gambit: Limited Series: Openings","07/11/20"
"Operation Christmas Drop","07/11/20"
"Jane The Virgin: Season 2: Chapter Thirty-Nine","07/11/20"
"Room","07/11/20"
"Love, Guaranteed","07/11/20"
"Couples Retreat","06/11/20"
"Bridget Jones's Diary","06/11/20"
"Jane The Virgin: Season 2: Chapter Thirty-Eight","06/11/20"
"My Christmas Inn","06/11/20"
"Jane The Virgin: Season 2: Chapter Thirty-Seven","06/11/20"
"Jane The Virgin: Season 2: Chapter Thirty-Six","06/11/20"
"Jane The Virgin: Season 2: Chapter Thirty-Five","06/11/20"
"Jane The Virgin: Season 2: Chapter Thirty-Four","06/11/20"
"Jane The Virgin: Season 2: Chapter Thirty-Three","06/11/20"
"Friends: Season 1: The One with the Thumb","05/11/20"
"Friends: Season 1: The One with the Sonogram at the End","05/11/20"
"Friends: Season 1: The One Where Monica Gets a Roommate (Pilot)","05/11/20"
"Rules Don't Apply","05/11/20"
"Definitely, Maybe","05/11/20"
"It's Complicated","04/11/20"
"Friends: Season 10: The Last One: Part 1 & Part 2","04/11/20"
"Friends: Season 10: The One with Rachel's Going Away Party","04/11/20"
"Friends: Season 10: The One Where Estelle Dies","04/11/20"
"Friends: Season 10: The One with Princess Consuela","04/11/20"
"Friends: Season 10: The One Where Joey Speaks French","04/11/20"
"Miss India","04/11/20"
"The Divergent Series: Insurgent","04/11/20"
"Friends: Season 10: The One with Phoebe's Wedding","03/11/20"
"Friends: Season 10: The One Where the Stripper Cries","03/11/20"
"Friends: Season 10: The One Where Chandler Gets Caught","03/11/20"
"Divergent","03/11/20"
"Friends: Season 10: The One with the Birth Mother","03/11/20"
"Friends: Season 10: The One with the Late Thanksgiving","03/11/20"
"Eurovision Song Contest: The Story of Fire Saga","02/11/20"
"Friends: Season 10: The One with The Home Study","02/11/20"
"Friends: Season 10: The One with Ross's Grant","01/11/20"
"Friends: Season 10: The One Where Rachel's Sister Babysits","01/11/20"
"Friends: Season 10: The One with the Cake","01/11/20"
"Friends: Season 10: The One with Ross's Tan","01/11/20"
"Friends: Season 10: The One Where Ross Is Fine","01/11/20"
"Friends: Season 10: The One After Joey and Rachel Kiss","01/11/20"
"Friends: Season 9: The One in Barbados","01/11/20"
"Friends: Season 9: The One with the Donor","01/11/20"
"Friends: Season 9: The One with the Fertility Test","01/11/20"
"Friends: Season 9: The One with the Soap Opera Party","01/11/20"
"Friends: Season 9: The One with Rachel's Dream","01/11/20"
"Friends: Season 9: The One with the Lottery","01/11/20"
"Friends: Season 9: The One with the Memorial Service","01/11/20"
"Friends: Season 9: The One with the Boob Job","01/11/20"
"Friends: Season 9: The One with the Mugging","01/11/20"
"Friends: Season 9: The One with the Blind Dates","01/11/20"
"Friends: Season 9: The One Where Monica Sings","01/11/20"
"Friends: Season 9: The One with Phoebe's Rats","01/11/20"
"Friends: Season 9: The One Where Rachel Goes Back to Work","01/11/20"
"Friends: Season 9: The One with Christmas in Tulsa","01/11/20"
"Friends: Season 9: The One with Rachel's Phone Number","01/11/20"
"Friends: Season 9: The One with Rachel's Other Sister","01/11/20"
"Friends: Season 9: The One with Ross' Inappropriate Song","01/11/20"
"Friends: Season 9: The One with the Male Nanny","01/11/20"
"Grand Designs: Season 15: Malvern","31/10/20"
"Friends: Season 9: The One with Phoebe's Birthday Dinner","31/10/20"
"Johnny English Strikes Again","30/10/20"
"Friends: Season 9: The One with the Sharks","29/10/20"
"Friends: Season 9: The One with the Pediatrician","29/10/20"
"Friends: Season 9: The One Where Emma Cries","29/10/20"
"Friends: Season 9: The One Where No One Proposes","29/10/20"
"Friends: Season 8: The One Where Rachel Has a Baby: Part 2","29/10/20"
"Friends: Season 8: The One Where Rachel Has a Baby: Part 1","28/10/20"
"Friends: Season 8: The One Where Rachel Is Late","28/10/20"
"Friends: Season 8: The One with the Cooking Class","28/10/20"
"Friends: Season 8: The One with the Baby Shower","26/10/20"
"Friends: Season 7: The One with Chandler's Dad","26/10/20"
"Friends: Season 8: The One with Joey's Interview","26/10/20"
"Friends: Season 8: The One in Massapequa","25/10/20"
"Friends: Season 8: The One with the Tea Leaves","25/10/20"
"Hubie Halloween","25/10/20"
"Friends: Season 8: The One Where Joey Tells Rachel","25/10/20"
"Bureau of Magical Things: Season 1: All the World's a Stage","25/10/20"
"Queen","25/10/20"
"A.X.L.","24/10/20"
"Bureau of Magical Things: Season 1: Magic in the Air","24/10/20"
"Bureau of Magical Things: Season 1: A Magical Mishap","24/10/20"
"The Worst Witch: Season 1: Selection Day","24/10/20"
"Friends: Season 8: The One with the Birthing Video","24/10/20"
"Friends: Season 8: The One with the Secret Closet","24/10/20"
"Friends: Season 8: The One Where Chandler Takes a Bath","24/10/20"
"Friends: Season 8: The One Where Joey Dates Rachel","23/10/20"
"Friends: Season 8: The One with the Creepy Holiday Card","23/10/20"
"Friends: Season 8: The One with Monica's Boots","23/10/20"
"Friends: Season 8: The One with the Rumor","23/10/20"
"Feel the Beat","23/10/20"
"Friends: Season 8: The One with the Stripper","23/10/20"
"Friends: Season 8: The One with the Stain","23/10/20"
"Friends: Season 8: The One with the Halloween Party","23/10/20"
"Friends: Season 8: The One with Rachel's Date","23/10/20"
"Friends: Season 8: The One with the Videotape","23/10/20"
"Friends: Season 8: The One Where Rachel Tells ...","23/10/20"
"Friends: Season 8: The One with the Red Sweater","23/10/20"
"Friends: Season 8: The One After I Do","23/10/20"
"Friends: Season 7: The One with Chandler and Monica's Wedding: Part 2","23/10/20"
"Friends: Season 7: The One with Chandler and Monica's Wedding: Part 1","22/10/20"
"Friends: Season 7: The One with the Vows","21/10/20"
"Friends: Season 7: The One with Rachel's Big Kiss","21/10/20"
"Friends: Season 7: The One with Ross and Monica's Cousin","21/10/20"
"Friends: Season 7: The One with Joey's Award","21/10/20"
"Friends: Season 7: The One with the Cheap Wedding Dress","21/10/20"
"Friends: Season 7: The One with the Truth About London","21/10/20"
"Friends: Season 7: The One with Joey's New Brain","21/10/20"
"Friends: Season 7: The One Where They All Turn Thirty","21/10/20"
"Friends: Season 7: The One Where Rosita Dies","21/10/20"
"Friends: Season 7: The One Where They're Up All Night","20/10/20"
"Friends: Season 7: The One with All the Cheesecakes","20/10/20"
"Friends: Season 7: The One with the Holiday Armadillo","20/10/20"
"Friends: Season 7: The One with All the Candy","19/10/20"
"Friends: Season 7: The One Where Chandler Doesn't Like Dogs","19/10/20"
"Friends: Season 7: The One with Ross' Library Book","19/10/20"
"Friends: Season 7: The One with the Nap Partners","19/10/20"
"Friends: Season 7: The One with the Engagement Picture","19/10/20"
"One Day at a Time: Season 1: Bobos and Mamitas","19/10/20"
"One Day at a Time: Season 1: This Is It","19/10/20"
"Friends: Season 7: The One with Rachel's Assistant","17/10/20"
"Friends: Season 7: The One with Phoebe's Cookies","17/10/20"
"Friends: Season 7: The One with Rachel's Book","17/10/20"
"Clair Obscur","17/10/20"
"Friends: Season 7: The One with Monica's Thunder","17/10/20"
"Friends: Season 6: The One with the Proposal: Part 2","17/10/20"
"Friends: Season 6: The One with the Proposal: Part 1","14/10/20"
"Friends: Season 6: The One with the Ring","14/10/20"
"Friends: Season 6: The One Where Paul's the Man","14/10/20"
"Friends: Season 6: The One Where Ross Meets Elizabeth's Dad","14/10/20"
"Friends: Season 6: The One with Mac and C.H.E.E.S.E","14/10/20"
"Friends: Season 6: The One with Joey's Fridge","13/10/20"
"The Social Dilemma","13/10/20"
"Friends: Season 6: The One Where Ross Dates a Student","13/10/20"
"Friends: Season 6: The One with Unagi","13/10/20"
"Friends: Season 6: The One That Could Have Been: Part 2","13/10/20"
"Friends: Season 6: The One That Could Have Been: Part 1","13/10/20"
"Friends: Season 6: The One Where Chandler Can't Cry","13/10/20"
"Friends: Season 6: The One with Rachel's Sister","13/10/20"
"Friends: Season 6: The One with the Joke","13/10/20"
"Friends: Season 6: The One with the Apothecary Table","13/10/20"
"Friends: Season 6: The One with the Routine","13/10/20"
"Friends: Season 6: The One Where Ross Got High","13/10/20"
"Friends: Season 6: The One with Ross's Teeth","12/10/20"
"Friends: Season 6: The One Where Phoebe Runs","12/10/20"
"Friends: Season 6: The One on the Last Night","12/10/20"
"Friends: Season 6: The One with Joey's Porsche","12/10/20"
"Jane The Virgin: Season 2: Chapter Thirty-Two","12/10/20"
"Work It","11/10/20"
"Friends: Season 6: The One Where Joey Loses His Insurance","11/10/20"
"Workin' Moms: Season 4: Charade","10/10/20"
"Ginny Weds Sunny","10/10/20"
"Jane The Virgin: Season 2: Chapter Thirty-One","10/10/20"
"Jane The Virgin: Season 2: Chapter Thirty","10/10/20"
"Song Exploder: Volume 1: Alicia Keys - 3 Hour Drive","09/10/20"
"Jane The Virgin: Season 2: Chapter Twenty-Nine","09/10/20"
"Friends: Season 6: The One with Ross's Denial","09/10/20"
"Friends: Season 6: The One Where Ross Hugs Rachel","09/10/20"
"Friends: Season 6: The One After Vegas","09/10/20"
"Friends: Season 5: The One in Vegas: Part 2","09/10/20"
"Friends: Season 5: The One in Vegas: Part 1","09/10/20"
"Friends: Season 5: The One with Joey's Big Break","09/10/20"
"Friends: Season 5: The One with the Ball","09/10/20"
"Jane The Virgin: Season 2: Chapter Twenty-Eight","09/10/20"
"Jane The Virgin: Season 2: Chapter Twenty-Seven","08/10/20"
"Jane The Virgin: Season 2: Chapter Twenty-Six","08/10/20"
"Friends: Season 5: The One with the Ride-Along","08/10/20"
"Jane The Virgin: Season 2: Chapter Twenty-Five","08/10/20"
"Jane The Virgin: Season 2: Chapter Twenty-Four","08/10/20"
"Friends: Season 5: The One Where Ross Can't Flirt","08/10/20"
"Friends: Season 5: The One Where Rachel Smokes","08/10/20"
"Friends: Season 5: The One with Rachel's Inadvertent Kiss","08/10/20"
"Friends: Season 5: The One with the Cop","08/10/20"
"Friends: Season 5: The One with the Girl Who Hits Joey","08/10/20"
"Friends: Season 5: The One Where Everybody Finds Out","08/10/20"
"Friends: Season 5: The One with Joey's Bag","08/10/20"
"Friends: Season 5: The One with Chandler's Work Laugh","08/10/20"
"Friends: Season 5: The One with All the Resolutions","08/10/20"
"Friends: Season 5: The One with the Inappropriate Sister","08/10/20"
"Friends: Season 5: The One with Ross's Sandwich","08/10/20"
"Friends: Season 5: The One with All the Thanksgivings","08/10/20"
"Friends: Season 5: The One Where Ross Moves In","08/10/20"
"Friends: Season 5: The One with the Yeti","08/10/20"
"Friends: Season 5: The One with the Kips","07/10/20"
"Friends: Season 5: The One Where Phoebe Hates PBS","07/10/20"
"Jane The Virgin: Season 2: Chapter Twenty-Three","07/10/20"
"Friends: Season 5: The One Hundredth","07/10/20"
"Friends: Season 5: The One with All the Kissing","07/10/20"
"Jane The Virgin: Season 1: Chapter Twenty-Two","07/10/20"
"Friends: Season 5: The One After Ross Says Rachel","07/10/20"
"Friends: Season 4: The One with Ross's Wedding: Part 2","07/10/20"
"Jane The Virgin: Season 1: Chapter Twenty-One","07/10/20"
"Friends: Season 4: The One with Ross's Wedding: Part 1","07/10/20"
"Friends: Season 4: The One with the Worst Best Man Ever","07/10/20"
"Friends: Season 4: The One with the Invitation","07/10/20"
"Friends: Season 4: The One with the Wedding Dresses","07/10/20"
"Friends: Season 4: The One with All the Haste","07/10/20"
"Jane The Virgin: Season 1: Chapter Twenty","07/10/20"
"Jane The Virgin: Season 1: Chapter Nineteen","07/10/20"
"Friends: Season 4: The One with Rachel's New Dress","07/10/20"
"Friends: Season 4: The One with the Free Porn","07/10/20"
"Friends: Season 4: The One with the Fake Party","07/10/20"
"Friends: Season 4: The One with All the Rugby","07/10/20"
"Friends: Season 4: The One with Joey's Dirty Day","07/10/20"
"Jane The Virgin: Season 1: Chapter Seventeen","07/10/20"
"Friends: Season 4: The One with Rachel's Crush","07/10/20"
"Friends: Season 4: The One with the Embryos","07/10/20"
"Jane The Virgin: Season 1: Chapter Eighteen","07/10/20"
"Jane The Virgin: Season 1: Chapter Sixteen","06/10/20"
"Jane The Virgin: Season 1: Chapter Fifteen","06/10/20"
"Friends: Season 4: The One with Phoebe's Uterus","06/10/20"
"Friends: Season 4: The One with the Girl from Poughkeepsie","06/10/20"
"Jane The Virgin: Season 1: Chapter Fourteen","06/10/20"
"Friends: Season 4: The One Where They're Going to Party","06/10/20"
"Friends: Season 4: The One with Chandler in a Box","06/10/20"
"Friends: Season 4: The One Where Chandler Crosses the Line","06/10/20"
"Friends: Season 4: The One with the Dirty Girl","06/10/20"
"Friends: Season 4: The One with Joey's New Girlfriend","06/10/20"
"Friends: Season 4: The One with the Ballroom Dancing","06/10/20"
"Friends: Season 4: The One with the 'Cuffs","06/10/20"
"Friends: Season 4: The One with the Cat","06/10/20"
"Jane The Virgin: Season 1: Chapter Thirteen","06/10/20"
"Friends: Season 4: The One with the Jellyfish","05/10/20"
"Friends: Season 3: The One at the Beach","05/10/20"
"Friends: Season 3: The One with the Ultimate Fighting Champion","05/10/20"
"Friends: Season 3: The One with Ross's Thing","05/10/20"
"Friends: Season 3: The One with the Screamer","05/10/20"
"Friends: Season 3: The One with a Chick. And a Duck","04/10/20"
"Friends: Season 3: The One with the Dollhouse","04/10/20"
"Friends: Season 3: The One Without the Ski Trip","04/10/20"
"Friends: Season 3: The One The Morning After","04/10/20"
"Friends: Season 3: The One Where Ross & Rachel Take a Break","04/10/20"
"Jane The Virgin: Season 1: Chapter Twelve","04/10/20"
"Friends: Season 3: The One with Phoebe's Ex-Partner","04/10/20"
"Friends: Season 3: The One Where Monica & Richard Are Just Friends","04/10/20"
"Friends: Season 3: The One with All the Jealousy","04/10/20"
"Friends: Season 3: The One Where Chandler Can't Remember Which Sister","04/10/20"
"Friends: Season 3: The One Where Rachel Quits","04/10/20"
"Friends: Season 3: The One with the Football","04/10/20"
"Jane The Virgin: Season 1: Chapter Eleven","04/10/20"
"Friends: Season 3: The One with the Giant Poking Device","04/10/20"
"Jane The Virgin: Season 1: Chapter Ten","04/10/20"
"Jane The Virgin: Season 1: Chapter Nine","03/10/20"
"Jane The Virgin: Season 1: Chapter Eight","03/10/20"
"Jane The Virgin: Season 1: Chapter Seven","02/10/20"
"Jane The Virgin: Season 1: Chapter Six","01/10/20"
"Jane The Virgin: Season 1: Chapter Five","01/10/20"
"Jane The Virgin: Season 1: Chapter Four","01/10/20"
"Jane The Virgin: Season 1: Chapter Three","01/10/20"
"Jane The Virgin: Season 1: Chapter Two","01/10/20"
"Jane The Virgin: Season 1: Chapter One: Pilot","01/10/20"
"Battle","30/09/20"
"Biohackers: Season 1: Fate","30/09/20"
"Biohackers: Season 1: Betrayal","30/09/20"
"Never Have I Ever: Season 1: ... said I'm sorry","29/09/20"
"Never Have I Ever: Season 1: ... had to be on my best behavior","29/09/20"
"Never Have I Ever: Season 1: ... pissed off everyone I know","29/09/20"
"Never Have I Ever: Season 1: ... been a big, fat liar","29/09/20"
"Never Have I Ever: Season 1: ... been the loneliest boy in the world","28/09/20"
"Never Have I Ever: Season 1: ... started a nuclear war","28/09/20"
"Never Have I Ever: Season 1: ... felt super Indian","28/09/20"
"Never Have I Ever: Season 1: ... gotten drunk with the popular kids","28/09/20"
"Never Have I Ever: Season 1: ... had sex with Paxton Hall-Yoshida","27/09/20"
"Never Have I Ever: Season 1: Pilot","27/09/20"
"Workin' Moms: Season 3: What's It Gonna Be","24/09/20"
"Workin' Moms: Season 3: Two Paths","24/09/20"
"Workin' Moms: Season 3: Business Boyz","24/09/20"
"Workin' Moms: Season 2: Retreat","24/09/20"
"Workin' Moms: Season 3: Creamed","24/09/20"
"Workin' Moms: Season 3: Guns 'n' Deception","23/09/20"
"Workin' Moms: Season 3: Girls' Trip","23/09/20"
"Workin' Moms: Season 3: Revenge Fantasy","23/09/20"
"Workin' Moms: Season 3: Narls in Charge","23/09/20"
"Tidying Up with Marie Kondo: Season 1: Tidying With Toddlers","22/09/20"
"Friends: Season 3: The One with the Race Car Bed","22/09/20"
"Get Organized with The Home Edit: Season 1: Rachel Zoe and a Multipurpose Garage","22/09/20"
"Friends: Season 3: The One with the Flashback","22/09/20"
"Workin' Moms: Season 3: Stand for Something","22/09/20"
"Workin' Moms: Season 3: Training Day","22/09/20"
"Workin' Moms: Season 2: Shame Spiral","22/09/20"
"Glow Up: Season 2: The Finale: A Master Class at Harrods","22/09/20"
"Workin' Moms: Season 3: Daddy's Home","22/09/20"
"Workin' Moms: Season 3: Of Rights and Men","22/09/20"
"Friends: Season 3: The One with Frank Jr","22/09/20"
"Friends: Season 3: The One with the Metaphorical Tunnel","22/09/20"
"Kandasamys: The Wedding","22/09/20"
"Workin' Moms: Season 3: Birth Daze","22/09/20"
"Friends: Season 3: The One with the Jam","21/09/20"
"Friends: Season 3: The One Where No One's Ready","21/09/20"
"Friends: Season 3: The One with the Princess Leia Fantasy","21/09/20"
"Workin' Moms: Season 2: Look Back","21/09/20"
"Workin' Moms: Season 2: If Women Had to Give Birth","21/09/20"
"Friends: Season 2: The One with Barry and Mindy's Wedding","21/09/20"
"Workin' Moms: Season 2: Trash Panda","21/09/20"
"Workin' Moms: Season 2: Cuck","21/09/20"
"Workin' Moms: Season 2: Spirit Animal","21/09/20"
"Friends: Season 2: The One with the Chicken Pox","20/09/20"
"Friends: Season 2: The One with the Two Parties","20/09/20"
"Workin' Moms: Season 2: Red Handed","20/09/20"
"Friends: Season 2: The One with the Bullies","20/09/20"
"Friends: Season 2: The One Where Old Yeller Dies","20/09/20"
"Workin' Moms: Season 1: Popsicle and a Hoop Earring","20/09/20"
"Workin' Moms: Season 1: Phoenix Rising","20/09/20"
"Workin' Moms: Season 2: Consent","20/09/20"
"Workin' Moms: Season 2: The Holy Hole","20/09/20"
"Workin' Moms: Season 2: The Sign","20/09/20"
"Workin' Moms: Season 2: Good Mom","20/09/20"
"Workin' Moms: Season 2: 2005","19/09/20"
"Workin' Moms: Season 1: Finale","19/09/20"
"Friends: Season 2: The One Where Eddie Won't Go","19/09/20"
"Friends: Season 2: The One Where Dr. Ramoray Dies","19/09/20"
"Workin' Moms: Season 1: Merde","19/09/20"
"Workin' Moms: Season 1: Bye Bye Kate","19/09/20"
"Workin' Moms: Season 1: The Coxswain","19/09/20"
"Workin' Moms: Season 1: Tricky Nipple","19/09/20"
"Workin' Moms: Season 1: The Wolf and the Rabbit","18/09/20"
"Workin' Moms: Season 1: Sophie's Choice-ish","18/09/20"
"Get Organized with The Home Edit: Season 1: Reese Witherspoon and a Doctor's Dream Closet","18/09/20"
"Friends: Season 2: The One Where Eddie Moves In","18/09/20"
"Workin' Moms: Season 1: Bad Help","18/09/20"
"Workin' Moms: Season 1: Fem Card","18/09/20"
"Workin' Moms: Season 1: Rules","18/09/20"
"Workin' Moms: Season 1: Pilot","17/09/20"
"No Reservations","17/09/20"
"Friends: Season 2: The One Where Joey Moves Out","17/09/20"
"Friends: Season 2: The One Where Ross and Rachel...You Know","17/09/20"
"Friends: Season 2: The One with the Prom Video","16/09/20"
"Friends: Season 2: The One After the Super Bowl: Part 2","16/09/20"
"Friends: Season 2: The One After the Super Bowl: Part 1","16/09/20"
"Friends: Season 2: The One with the Lesbian Wedding","16/09/20"
"Friends: Season 2: The One with Russ","16/09/20"
"Friends: Season 2: The One with Phoebe's Dad","16/09/20"
"Friends: Season 2: The One with the List","16/09/20"
"Friends: Season 2: The One Where Ross Finds Out","16/09/20"
"Friends: Season 2: The One with the Baby on the Bus","15/09/20"
"How to Live Mortgage Free with Sarah Beeny: Season 1: Episode 1","15/09/20"
"Glow Up: Season 2: Beauty Editorial","13/09/20"
"The Gift: Season 2: Episode 8","13/09/20"
"The Gift: Season 2: Episode 7","13/09/20"
"The Gift: Season 2: Episode 6","13/09/20"
"The Gift: Season 2: Episode 5","12/09/20"
"Away: Season 1: Home","12/09/20"
"Away: Season 1: Spektr","12/09/20"
"The Gift: Season 2: Episode 4","12/09/20"
"The Gift: Season 2: Episode 3","12/09/20"
"The Gift: Season 2: Episode 2","11/09/20"
"The Sleepover","11/09/20"
"The Gift: Season 2: Episode 1","11/09/20"
"Away: Season 1: Vital Signs","10/09/20"
"Away: Season 1: Goodnight Mars","10/09/20"
"Away: Season 1: A Little Faith","10/09/20"
"Away: Season 1: Space Dogs","10/09/20"
"Teenage Bounty Hunters: Season 1: Daddy's Truck","09/09/20"
"Away: Season 1: Excellent Chariots","09/09/20"
"Away: Season 1: Half the Sky","09/09/20"
"Desperados","09/09/20"
"Glow Up: Season 2: 'Strictly Come Dancing","09/09/20"
"The Code: Season 1: Episode 1","09/09/20"
"Away: Season 1: Negative Return","08/09/20"
"Away: Season 1: Go","08/09/20"
"Pride & Prejudice","07/09/20"
"Chesapeake Shores: Season 4: Watercolors, Wishes, and Weddings","07/09/20"
"Chesapeake Shores: Season 1: Pilot: Part 1","07/09/20"
"Glow Up: Season 2: Special Effects","07/09/20"
"Sugar Rush: Season 2: Trending Treats","07/09/20"
"How to Get Away With Murder: Season 6: We're Not Getting Away With It","07/09/20"
"Masaba Masaba: Season 1: Hot Mess","06/09/20"
"Masaba Masaba: Season 1: Work B**ch!","06/09/20"
"The Kissing Booth","05/09/20"
"The Kissing Booth 2","05/09/20"
"Glow Up: Season 2: Fashion Editorial","05/09/20"
"Unorthodox: Limited Series: Part 4","04/09/20"
"Unorthodox: Limited Series: Part 3","04/09/20"
"Unorthodox: Limited Series: Part 2","04/09/20"
"Unorthodox: Limited Series: Part 1","04/09/20"
"Girls from Ipanema: Season 2: I Will Survive","04/09/20"
"Masaba Masaba: Season 1: Bringing Sexy Back","03/09/20"
"How to Get Away With Murder: Season 6: Are You the Mole?","03/09/20"
"In Family I Trust","02/09/20"
"How to Get Away With Murder: Season 6: I Want to Be Free","02/09/20"
"How to Get Away With Murder: Season 6: I'm the Murderer","02/09/20"
"Masaba Masaba: Season 1: Man! I Feel Like A Woman","02/09/20"
"Tanu Weds Manu","01/09/20"
"Amazing Interiors: Season 1: Chicago Cubs Cave, Aquarium House, The Love Boat","01/09/20"
"Glow Up: Season 2: Theater Makeup: The Lion King","01/09/20"
"One-Way to Tomorrow","01/09/20"
"The Creative Indians: Season 4: Nawazuddin Siddiqui - Actor","01/09/20"
"Masaba Masaba: Season 1: I Got It From My Mamma","01/09/20"
"Masaba Masaba: Season 1: Rumour Has It","31/08/20"
"Glow Up: Season 2: Fashion Week","31/08/20"
"Glow Up: Season 2: Ad Campaign","31/08/20"
"Crazy Delicious: Season 1: Time for Tea","30/08/20"
"How to Get Away With Murder: Season 6: Family Sucks","29/08/20"
"The Switch","28/08/20"
"All Together Now","28/08/20"
"Crazy Delicious: Season 1: Let There Be Brunch","28/08/20"
"How to Get Away With Murder: Season 6: We're All Gonna Die","28/08/20"
"Crazy Rich Asians","28/08/20"
"Crazy Delicious: Season 1: Birthday Blowout","27/08/20"
"Lucifer: Season 5: Spoiler Alert","27/08/20"
"Lucifer: Season 5: Our Mojo","26/08/20"
"Lucifer: Season 5: BlueBallz","26/08/20"
"Lucifer: Season 5: Detective Amenadiel","26/08/20"
"How to Get Away With Murder: Season 6: I Hate the World","26/08/20"
"Lucifer: Season 5: It Never Ends Well for the Chicken","25/08/20"
"Lucifer: Season 5: ¡Diablo!","25/08/20"
"Crazy Delicious: Season 1: Picnic Perfection","25/08/20"
"Lucifer: Season 5: Lucifer! Lucifer! Lucifer!","25/08/20"
"Lucifer: Season 5: Really Sad Devil Guy","25/08/20"
"How to Get Away With Murder: Season 6: Do You Think I'm a Bad Man?","24/08/20"
"How to Get Away With Murder: Season 6: Vivian's Here","24/08/20"
"How to Get Away With Murder: Season 6: Say Goodbye","24/08/20"
"How to Get Away With Murder: Season 5: Please Say No One Else Is Dead","24/08/20"
"How to Get Away With Murder: Season 5: Make Me the Enemy","24/08/20"
"How to Get Away With Murder: Season 1: Pilot","24/08/20"
"How to Get Away With Murder: Season 5: Where Are Your Parents?","23/08/20"
"How to Get Away With Murder: Season 5: We Know Everything","23/08/20"
"How to Get Away With Murder: Season 5: Be the Martyr","22/08/20"
"Crazy Delicious: Season 1: Takeout Takeover","22/08/20"
"How to Get Away With Murder: Season 5: Don't Go Dark on Me","22/08/20"
"How to Get Away With Murder: Season 5: He Betrayed Us Both","22/08/20"
"How to Get Away With Murder: Season 5: I Want to Love You Until the Day I Die","21/08/20"
"How to Get Away With Murder: Season 5: I Got Played","21/08/20"
"How to Get Away With Murder: Season 5: We Can Find Him","21/08/20"
"Crazy Delicious: Season 1: Bananas Barbecues","20/08/20"
"How to Get Away With Murder: Season 5: It Was the Worst Day of My Life","20/08/20"
"How to Get Away With Murder: Season 5: It's Her Kid","19/08/20"
"Sing On! Germany: Season 1: Love Songs","19/08/20"
"How to Get Away With Murder: Season 5: The Baby Was Never Dead","19/08/20"
"Sugar Rush: Extra Sweet: Breakfast, Lunch & Dinner","18/08/20"
"How to Get Away With Murder: Season 5: Whose Blood Is That?","18/08/20"
"How to Get Away With Murder: Season 5: Your Funeral","18/08/20"
"Edge of the Universe: Season 1: Episode 1","18/08/20"
"Sing On! Germany: Season 1: Girls Night","18/08/20"
"Insatiable: Season 1: Miss Bareback Buckaroo","17/08/20"
"Insatiable: Season 1: Skinny Is Magic","17/08/20"
"Insatiable: Season 1: Pilot","17/08/20"
"Dark: Season 3: The Paradise","17/08/20"
"Sugar Rush: Extra Sweet: Tropical Vacation","16/08/20"
"Sugar Rush: Extra Sweet: Blackout","15/08/20"
"Sugar Rush: Extra Sweet: Perfect Illusion","15/08/20"
"Connected: Season 1: Digits","14/08/20"
"Dark: Season 3: Between the Time","12/08/20"
"Keeping Up with the Kardashians: Season 2: Junk in the Trunk","11/08/20"
"Somebody Feed Phil: Season 2: Venice","10/08/20"
"Somebody Feed Phil: Season 3: Marrakesh","10/08/20"
"Sugar High","09/08/20"
"Sugar Rush: Extra Sweet: Birds of a Feather","07/08/20"
"The Gift: Season 1: Episode 8","07/08/20"
"The Gift: Season 1: Episode 7","07/08/20"
"The Gift: Season 1: Episode 6","07/08/20"
"The Gift: Season 1: Episode 5","06/08/20"
"The Gift: Season 1: Episode 4","06/08/20"
"The Gift: Season 1: Episode 3","06/08/20"
"The Gift: Season 1: Episode 2","06/08/20"
"The Gift: Season 1: Episode 1","06/08/20"
"Spinning Out: Season 1: Kiss and Cry","06/08/20"
"Merry Happy Whatever: Season 1: Ring in the New Year","06/08/20"
"Merry Happy Whatever: Season 1: Christmas Break","06/08/20"
"Merry Happy Whatever: Season 1: Merry Ex-Mas","06/08/20"
"Merry Happy Whatever: Season 1: Twas the Night Before the 4th Night of Hanukkah","06/08/20"
"Merry Happy Whatever: Season 1: Happy Mall-idays","06/08/20"
"Merry Happy Whatever: Season 1: Interference","06/08/20"
"Merry Happy Whatever: Season 1: Harmony","05/08/20"
"Merry Happy Whatever: Season 1: Welcome, Matt","05/08/20"
"Sugar Rush: Extra Sweet: Junk Foodie","05/08/20"
"Spinning Out: Season 1: #1 Mom","04/08/20"
"Spinning Out: Season 1: Hell Is Real","04/08/20"
"Spinning Out: Season 1: Healing Times May Vary","04/08/20"
"Spinning Out: Season 1: Have a Nice Day!","04/08/20"
"Spinning Out: Season 1: Two for $40","03/08/20"
"Spinning Out: Season 1: Proceed with Caution","03/08/20"
"Dark: Season 3: Light and Shadow","02/08/20"
"Lucifer: Season 4: Who's da New King of Hell?","31/07/20"
"Lucifer: Season 4: Save Lucifer","31/07/20"
"Lucifer: Season 4: Super Bad Boyfriend","31/07/20"
"Lucifer: Season 4: Devil Is as Devil Does","31/07/20"
"Lucifer: Season 4: Orgy Pants to Work","31/07/20"
"Lucifer: Season 4: Expire Erect","31/07/20"
"Lucifer: Season 4: All About Eve","31/07/20"
"Lucifer: Season 4: O, Ye of Little Faith, Father","31/07/20"
"Lucifer: Season 4: Somebody’s Been Reading Dante’s Inferno","30/07/20"
"Lucifer: Season 4: Everything's Okay","29/07/20"
"Dark: Season 3: Life and Death","29/07/20"
"Lucifer: Season 3: Once Upon a Time","28/07/20"
"Lucifer: Season 3: Boo Normal","27/07/20"
"Lucifer: Season 3: A Devil of My Word","27/07/20"
"Lucifer: Season 3: Quintessential Deckerstar","27/07/20"
"Lucifer: Season 3: All Hands on Decker","27/07/20"
"Indian Matchmaking: Season 1: Slim, Trim and Educated","26/07/20"
"Lucifer: Season 3: Anything Pierce Can Do I Can Do Better","26/07/20"
"Lucifer: Season 3: The Angel of San Bernardino","26/07/20"
"Lucifer: Season 3: Orange Is the New Maze","26/07/20"
"Lucifer: Season 3: The Last Heartbreak","26/07/20"
"Lucifer: Season 3: Let Pinhead Sing!","25/07/20"
"Lucifer: Season 3: Infernal Guinea Pig","25/07/20"
"Lucifer: Season 3: High School Poppycock","25/07/20"
"Lucifer: Season 3: My Brother's Keeper","25/07/20"
"Lucifer: Season 3: 'Til Death Do Us Part","24/07/20"
"Lucifer: Season 3: All About Her","24/07/20"
"Lucifer: Season 3: City of Angels?","24/07/20"
"Lucifer: Season 3: The Sin Bin","24/07/20"
"Lucifer: Season 3: The Sinnerman","23/07/20"
"Lucifer: Season 3: Chloe Does Lucifer","23/07/20"
"Lucifer: Season 3: Off the Record","23/07/20"
"Lucifer: Season 3: Vegas with Some Radish","22/07/20"
"Lucifer: Season 3: Welcome Back, Charlotte Richards","22/07/20"
"Lucifer: Season 3: What Would Lucifer Do?","22/07/20"
"Lucifer: Season 3: Mr. and Mrs. Mazikeen Smith","22/07/20"
"Lucifer: Season 3: The One with the Baby Carrot","22/07/20"
"Ashley Garcia: Genius in Love: Part 2: Another Trip Around the Sun","21/07/20"
"Ashley Garcia: Genius in Love: Part 2: Rewriting Girl Code","21/07/20"
"Ashley Garcia: Genius in Love: Part 2: Count Me In","21/07/20"
"Lucifer: Season 3: They're Back, Aren't They?","21/07/20"
"Ashley Garcia: Genius in Love: Part 2: Unintended Consequences","20/07/20"
"Ashley Garcia: Genius in Love: Part 2: Failure Is Not an Option","20/07/20"
"Lucifer: Season 2: The Good, The Bad and The Crispy","20/07/20"
"Ashley Garcia: Genius in Love: Part 2: In Tad We Trust","20/07/20"
"Lucifer: Season 2: Sympathy for the Goddess","20/07/20"
"Lucifer: Season 2: God Johnson","20/07/20"
"Lucifer: Season 2: Deceptive Little Parasite","20/07/20"
"Lucifer: Season 2: Candy Morningstar","20/07/20"
"Lucifer: Season 2: A Good Day to Die","20/07/20"
"Lucifer: Season 2: Love Handles","20/07/20"
"Indian Matchmaking: Season 1: Adjustment and Compromise","19/07/20"
"Indian Matchmaking: Season 1: Marriages Are Breaking like Biscuits","19/07/20"
"Indian Matchmaking: Season 1: It’s High Time","19/07/20"
"Indian Matchmaking: Season 1: Take the Elephant out of the Room","19/07/20"
"Lucifer: Season 2: Stewardess Interruptus","19/07/20"
"Lucifer: Season 2: Quid Pro Ho","19/07/20"
"Lucifer: Season 2: Homewrecker","19/07/20"
"Lucifer: Season 2: Trip to Stabby Town","19/07/20"
"Indian Matchmaking: Season 1: I Want to See You Again","18/07/20"
"Indian Matchmaking: Season 1: I’m Trying My Best!","18/07/20"
"Indian Matchmaking: Season 1: Just Find Me Someone!","18/07/20"
"Lucifer: Season 2: My Little Monkey","18/07/20"
"Lucifer: Season 2: Monster","18/07/20"
"Lucifer: Season 2: The Weaponizer","18/07/20"
"Lucifer: Season 2: Lady Parts","18/07/20"
"Lucifer: Season 2: Sin-Eater","18/07/20"
"Lucifer: Season 2: Liar, Liar, Slutty Dress on Fire","18/07/20"
"Lucifer: Season 2: Everything's Coming Up Lucifer","17/07/20"
"Lucifer: Season 1: Take Me Back to Hell","17/07/20"
"Lucifer: Season 1: #TeamLucifer","17/07/20"
"Lucifer: Season 1: St. Lucifer","17/07/20"
"Lucifer: Season 1: Pops","17/07/20"
"Interior Design Masters: Season 1: Episode 1","17/07/20"
"Lucifer: Season 1: A Priest Walks into a Bar","17/07/20"
"Lucifer: Season 1: Et Tu, Doctor?","17/07/20"
"Lucifer: Season 1: Wingman","17/07/20"
"Lucifer: Season 1: Favorite Son","17/07/20"
"Blended","16/07/20"
"Lucifer: Season 1: Sweet Kicks","16/07/20"
"Lucifer: Season 1: Manly Whatnots","16/07/20"
"Lucifer: Season 1: The Would-Be Prince of Darkness","16/07/20"
"Lucifer: Season 1: Lucifer, Stay. Good Devil.","16/07/20"
"Lucifer: Season 1: Pilot","16/07/20"
"Dark: Season 3: The Origin","16/07/20"
"Dark: Season 3: Adam and Eva","15/07/20"
"The Baby-Sitters Club: Season 1: Hello, Camp Moosehead! Part 2","15/07/20"
"The Baby-Sitters Club: Season 1: Hello, Camp Moosehead! Part 1","15/07/20"
"Dark: Season 3: The Survivors","15/07/20"
"The Baby-Sitters Club: Season 1: Kristy's Big Day","14/07/20"
"Dark: Season 3: Deja-vu","14/07/20"
"The Baby-Sitters Club: Season 1: Boy-Crazy Stacey","14/07/20"
"Dark: Season 2: Endings and Beginnings","14/07/20"
"The Baby-Sitters Club: Season 1: Claudia and Mean Janine","13/07/20"
"Dark: Season 2: The White Devil","13/07/20"
"The Baby-Sitters Club: Season 1: Dawn and the Impossible Three","12/07/20"
"Dark: Season 2: An Endless Cycle","12/07/20"
"The Baby-Sitters Club: Season 1: Mary Anne Saves the Day","12/07/20"
"Dark: Season 2: Lost and Found","12/07/20"
"The Baby-Sitters Club: Season 1: The Truth About Stacey","11/07/20"
"Dark: Season 2: The Travelers","11/07/20"
"Dark: Season 2: Ghosts","11/07/20"
"Dark: Season 2: Dark Matter","10/07/20"
"Dark: Season 2: Beginnings and Endings","10/07/20"
"Dark: Season 1: Alpha and Omega","09/07/20"
"The Baby-Sitters Club: Season 1: Claudia and the Phantom Phone Calls","09/07/20"
"Dark: Season 1: Everything Is Now","09/07/20"
"Dark: Season 1: As You Sow, so You Shall Reap","09/07/20"
"The Baby-Sitters Club: Season 1: Kristy’s Great Idea","09/07/20"
"Dark: Season 1: Crossroads","08/07/20"
"Dark: Season 1: Sic Mundus Creatus Est","08/07/20"
"Dark: Season 1: Truths","08/07/20"
"Dark: Season 1: Double Lives","08/07/20"
"Dark: Season 1: Past and Present","08/07/20"
"Dark: Season 1: Lies","07/07/20"
"Dark: Season 1: Secrets","06/07/20"
"Katha","05/07/20"
"Unsolved Mysteries: Volume 1: 13 Minutes","05/07/20"
"Unsolved Mysteries: Volume 1: House of Terror","05/07/20"
"Friends from College: Season 2: The Wedding","04/07/20"
"Friends from College: Season 2: Fireworks","04/07/20"
"Friends from College: Season 1: A Night of Surprises","04/07/20"
"Friends from College: Season 1: Grand Cayman","04/07/20"
"Friends from College: Season 1: Second Wedding","04/07/20"
"Friends from College: Season 2: Free Fall","04/07/20"
"Friends from College: Season 2: The Bachelor Party","04/07/20"
"Friends from College: Season 2: Out All Night","04/07/20"
"Friends from College: Season 2: Old Habits","04/07/20"
"Friends from College: Season 1: Party Bus","03/07/20"
"Friends from College: Season 2: Storage Unit","03/07/20"
"Friends from College: Season 1: Mission Impossible","03/07/20"
"Parineeta","03/07/20"
"Friends from College: Season 2: The Engagement Party","03/07/20"
"Friends from College: Season 1: All-Nighter","03/07/20"
"Friends from College: Season 1: Connecticut House","03/07/20"
"Friends from College: Season 1: Welcome to New York","03/07/20"
"Unsolved Mysteries: Volume 1: Berkshires UFO","02/07/20"
"Unsolved Mysteries: Volume 1: Missing Witness","02/07/20"
"Sherlock: Series 2: The Reichenbach Fall","02/07/20"
"Raising Dion: Season 1: ISSUE #109: Storm Killer","01/07/20"
"Raising Dion: Season 1: ISSUE #108: You Won't Like Him When He's Angry","01/07/20"
"Raising Dion: Season 1: ISSUE #107: Why So Vomity?","01/07/20"
"Raising Dion: Season 1: ISSUE #106: Super Friends","01/07/20"
"Raising Dion: Season 1: ISSUE #105: Days of Mark's Future Past","01/07/20"
"Little Things: Season 3: Migration II","30/06/20"
"Little Things: Season 3: The Sum of our Past","30/06/20"
"Little Things: Season 3: Jet Lag","30/06/20"
"Little Things: Season 3: Vertical Housing","30/06/20"
"Raising Dion: Season 1: ISSUE #104: Welcome to BIONA. Hope You Survive the Experience","30/06/20"
"Raising Dion: Season 1: ISSUE #103: Watch Man","30/06/20"
"Little Things: Season 3: Senior Citizens","30/06/20"
"Little Things: Season 3: Rectangles","30/06/20"
"Raising Dion: Season 1: ISSUE #101: How Do You Raise a Superhero?","30/06/20"
"Raising Dion: Season 1: ISSUE #102: Fortress of Solitude","30/06/20"
"Set It Up","30/06/20"
"Suits: Season 4: Exposure","29/06/20"
"Suits: Season 4: We're Done","29/06/20"
"Suits: Season 4: Litt the Hell Up","29/06/20"
"Khoobsurat","28/06/20"
"Sherlock: Series 2: The Hounds of Baskerville","28/06/20"
"Sherlock: Series 2: A Scandal in Belgravia","27/06/20"
"Sherlock: Series 1: The Great Game","27/06/20"
"Suits: Season 4: Pound of Flesh","25/06/20"
"Suits: Season 4: Leveraged","25/06/20"
"Suits: Season 4: Two in the Knees","25/06/20"
"Suits: Season 4: Breakfast, Lunch and Dinner","25/06/20"
"Sherlock: Series 1: The Blind Banker","24/06/20"
"Sherlock: Series 1: A Study in Pink","24/06/20"
"Little Things: Season 3: Today of all Days","24/06/20"
"Little Things: Season 3: Migration","24/06/20"
"Crashing: Season 1: Episode 6","24/06/20"
"Crashing: Season 1: Episode 5","24/06/20"
"Crashing: Season 1: Episode 4","23/06/20"
"Keeping Up with the Kardashians: Season 2: A New Perspective in New Orleans","23/06/20"
"Crashing: Season 1: Episode 1","23/06/20"
"Crashing: Season 1: Episode 2","23/06/20"
"Crashing: Season 1: Episode 3","23/06/20"
"Suits: Season 4: One-Two-Three Go...","22/06/20"
"Suits: Season 3: The Arrangement","22/06/20"
"The Half Of It","22/06/20"
"Keeping Up with the Kardashians: Season 2: Kim's Calendar for Reggie","22/06/20"
"Girls from Ipanema: Season 2: Choices","21/06/20"
"Girls from Ipanema: Season 2: Second Chance","21/06/20"
"Girls from Ipanema: Season 2: All Female","21/06/20"
"Little Things: Season 2: Where Are We?","21/06/20"
"Little Things: Season 2: Baalti Aur Magga","21/06/20"
"Little Things: Season 1: Episode 1","21/06/20"
"Girls from Ipanema: Season 2: The Carioca Way","20/06/20"
"Girls from Ipanema: Season 2: Commitments","20/06/20"
"The Order: Season 1: Hell Week: Part 1","20/06/20"
"Isn't It Romantic","20/06/20"
"Keeping Up with the Kardashians: Season 2: Kardashian Family Vacation","19/06/20"
"Keeping Up with the Kardashians: Season 2: Kardashian Civil War","19/06/20"
"Keeping Up with the Kardashians: Season 2: Learning Self Defense","19/06/20"
"Keeping Up with the Kardashians: Season 2: Khloe's Blind Dates","18/06/20"
"Keeping Up with the Kardashians: Season 2: Kris the Cheerleader","17/06/20"
"Keeping Up with the Kardashians: Season 2: Rob's New Girlfriend","17/06/20"
"13 Reasons Why: Season 4: Graduation","17/06/20"
"13 Reasons Why: Season 4: Prom","17/06/20"
"13 Reasons Why: Season 4: Acceptance/Rejection","16/06/20"
"13 Reasons Why: Season 4: College Interview","15/06/20"
"13 Reasons Why: Season 4: Thursday","15/06/20"
"Alexa & Katie: Part 4: This Feels Right","15/06/20"
"Alexa & Katie: Part 4: Last Dance","15/06/20"
"13 Reasons Why: Season 4: House Party","15/06/20"
"13 Reasons Why: Season 4: Senior Camping Trip","15/06/20"
"13 Reasons Why: Season 4: Valentine's Day","14/06/20"
"Alexa & Katie: Part 4: The Smoke Show","14/06/20"
"13 Reasons Why: Season 4: College Tour","14/06/20"
"13 Reasons Why: Season 4: Winter Break","13/06/20"
"Alexa & Katie: Part 4: Speaking of Cancer","13/06/20"
"Alexa & Katie: Part 4: Choose Your Own Adventure","13/06/20"
"Keeping Up with the Kardashians: Season 2: Khloe Wants to Act","13/06/20"
"Alexa & Katie: Part 4: The Girl Who Cried Yelp","13/06/20"
"Alexa & Katie: Part 4: Rules for Better Barista-ing","13/06/20"
"Alexa & Katie: Part 4: Last First Day","13/06/20"
"Alexa & Katie: Part 1: Bad Hair Day","13/06/20"
"Keeping Up with the Kardashians: Season 2: Kim Becomes a Diva","13/06/20"
"Keeping Up with the Kardashians: Season 1: The Price of Fame","12/06/20"
"Keeping Up with the Kardashians: Season 1: Helping Hand","12/06/20"
"Keeping Up with the Kardashians: Season 1: You Are So Pregnant, Dude","12/06/20"
"Keeping Up with the Kardashians: Season 1: Remembering Dad","11/06/20"
"Keeping Up with the Kardashians: Season 1: Birthday Suit","11/06/20"
"I Feel Pretty","10/06/20"
"Keeping Up with the Kardashians: Season 1: Brody in the House","10/06/20"
